arm,precision,channels,depth,out_dim,auc,mrr,ndcg@10,size_kb,ram_kb,macs,macs_fp32,energy_uj
nas,fp32,256,4,384,0.6327,0.3261,0.3749,1566.75,256.0,36143104,36143104,166.2583
nas,int8,256,4,384,0.6471,0.3379,0.3866,789.75,64.0,36143104,2195456,17.9071
nas,binary,256,4,384,0.5878,0.2971,0.3423,563.12,64.0,36143104,2195456,12.5399
micro_nas,fp32,64,5,384,0.6045,0.3073,0.3519,266.75,64.0,3293184,3293184,15.1486
micro_nas,int8,64,5,384,0.61,0.3144,0.3595,203.94,16.0,3293184,548864,3.156
micro_nas,binary,64,5,384,0.521,0.2511,0.2938,185.62,16.0,3293184,548864,2.7221
binarized_micro_nas,fp32,96,2,384,0.5934,0.2901,0.3362,311.38,96.0,3256320,3256320,14.9791
binarized_micro_nas,int8,96,2,384,0.6009,0.2947,0.3437,255.69,24.0,3256320,823296,4.3468
binarized_micro_nas,binary,96,2,384,0.546,0.2725,0.317,239.45,24.0,3256320,823296,3.9621
